-- phpMyAdmin SQL Dump
-- version 5.0.2
-- https://www.phpmyadmin.net/
--
-- Host: 127.0.0.1
-- Generation Time: Jan 07, 2021 at 03:52 PM
-- Server version: 10.4.14-MariaDB
-- PHP Version: 7.4.10

SET SQL_MODE = "NO_AUTO_VALUE_ON_ZERO";
START TRANSACTION;
SET time_zone = "+00:00";


/*!40101 SET @OLD_CHARACTER_SET_CLIENT=@@CHARACTER_SET_CLIENT */;
/*!40101 SET @OLD_CHARACTER_SET_RESULTS=@@CHARACTER_SET_RESULTS */;
/*!40101 SET @OLD_COLLATION_CONNECTION=@@COLLATION_CONNECTION */;
/*!40101 SET NAMES utf8mb4 */;

--
-- Database: `notflixdata`
--

-- --------------------------------------------------------

--
-- Table structure for table `acted_movie`
--

CREATE TABLE `acted_movie` (
  `MOVIE_ID` int(11) NOT NULL,
  `ACTOR_ID` int(11) NOT NULL
) ENGINE=InnoDB DEFAULT CHARSET=utf8mb4;

--
-- Dumping data for table `acted_movie`
--

INSERT INTO `acted_movie` (`MOVIE_ID`, `ACTOR_ID`) VALUES
(34, 1),
(34, 3);

-- --------------------------------------------------------

--
-- Table structure for table `acted_series`
--

CREATE TABLE `acted_series` (
  `SERIES_ID` int(11) NOT NULL,
  `ACTOR_ID` int(11) NOT NULL
) ENGINE=InnoDB DEFAULT CHARSET=utf8mb4;

-- --------------------------------------------------------

--
-- Table structure for table `actor`
--

CREATE TABLE `actor` (
  `ID` int(11) NOT NULL,
  `FNAME` varchar(100) NOT NULL,
  `LNAME` varchar(100) DEFAULT NULL,
  `GENDER` char(1) DEFAULT NULL,
  `BIRTH_DATE` date DEFAULT NULL,
  `IMAGE` varchar(1000) DEFAULT NULL
) ENGINE=InnoDB DEFAULT CHARSET=utf8mb4;

--
-- Dumping data for table `actor`
--

INSERT INTO `actor` (`ID`, `FNAME`, `LNAME`, `GENDER`, `BIRTH_DATE`, `IMAGE`) VALUES
(1, 'emma', ' stone', 'F', '1988-11-06', 'https://upload.wikimedia.org/wikipedia/commons/9/9a/Emma_Stone_at_the_39th_Mill_Valley_Film_Festival_%28cropped%29.jpg'),
(3, 'Raghad', 'Khaled', 'F', '1988-08-29', 'Link');

-- --------------------------------------------------------

--
-- Table structure for table `actor_prize_movie`
--

CREATE TABLE `actor_prize_movie` (
  `ACTOR_ID` int(11) NOT NULL,
  `MOVIE_ID` int(11) NOT NULL,
  `PRIZE_ID` int(11) NOT NULL,
  `YEAR` int(11) DEFAULT NULL
) ENGINE=InnoDB DEFAULT CHARSET=utf8mb4;

--
-- Dumping data for table `actor_prize_movie`
--

INSERT INTO `actor_prize_movie` (`ACTOR_ID`, `MOVIE_ID`, `PRIZE_ID`, `YEAR`) VALUES
(0, 0, 0, 1988),
(1, 33, 0, 2020),
(1, 33, 4, 2020),
(3, 17, 5, 1988),
(3, 31, 4, 1994);

-- --------------------------------------------------------

--
-- Table structure for table `actor_prize_series`
--

CREATE TABLE `actor_prize_series` (
  `ACTOR_ID` int(11) NOT NULL,
  `SERIES_ID` int(11) NOT NULL,
  `PRIZE_ID` int(11) NOT NULL,
  `YEAR` int(11) DEFAULT NULL
) ENGINE=InnoDB DEFAULT CHARSET=utf8mb4;

--
-- Dumping data for table `actor_prize_series`
--

INSERT INTO `actor_prize_series` (`ACTOR_ID`, `SERIES_ID`, `PRIZE_ID`, `YEAR`) VALUES
(3, 0, 0, 1988),
(3, 1, 0, 1988),
(3, 1, 4, 1988);

-- --------------------------------------------------------

--
-- Table structure for table `add_to_fav_movie`
--

CREATE TABLE `add_to_fav_movie` (
  `USER_NAME_OF_USER` varchar(100) NOT NULL,
  `MOVIE_ID` int(11) NOT NULL
) ENGINE=InnoDB DEFAULT CHARSET=utf8mb4;

--
-- Dumping data for table `add_to_fav_movie`
--

INSERT INTO `add_to_fav_movie` (`USER_NAME_OF_USER`, `MOVIE_ID`) VALUES
('Raghodaaaa', 33),
('RoRo123', 2);

-- --------------------------------------------------------

--
-- Table structure for table `add_to_fav_series`
--

CREATE TABLE `add_to_fav_series` (
  `USER_NAME_OF_USER` varchar(100) NOT NULL,
  `SERIES_ID` int(11) NOT NULL
) ENGINE=InnoDB DEFAULT CHARSET=utf8mb4;

-- --------------------------------------------------------

--
-- Table structure for table `admin_website`
--

CREATE TABLE `admin_website` (
  `ADMIN_NAME` varchar(100) NOT NULL,
  `PASSWORD_OF_ADMIN` varchar(100) NOT NULL,
  `EMAIL` varchar(500) NOT NULL,
  `AGE` int(11) DEFAULT NULL,
  `GENDER` char(1) DEFAULT NULL,
  `image` varchar(1000) DEFAULT NULL
) ENGINE=InnoDB DEFAULT CHARSET=utf8mb4;

--
-- Dumping data for table `admin_website`
--

INSERT INTO `admin_website` (`ADMIN_NAME`, `PASSWORD_OF_ADMIN`, `EMAIL`, `AGE`, `GENDER`, `image`) VALUES
('Raghad', '1234', 'raghoda1234692000@gmail.com', 20, 'F', NULL);

-- --------------------------------------------------------

--
-- Table structure for table `advertisement`
--

CREATE TABLE `advertisement` (
  `PICTURE` varchar(100) NOT NULL,
  `ADMIN_ADDED` varchar(100) NOT NULL,
  `ID` int(11) NOT NULL
) ENGINE=InnoDB DEFAULT CHARSET=utf8mb4;

--
-- Dumping data for table `advertisement`
--

INSERT INTO `advertisement` (`PICTURE`, `ADMIN_ADDED`, `ID`) VALUES
('raghad.jpg', 'RoRo123', 2);

-- --------------------------------------------------------

--
-- Table structure for table `director`
--

CREATE TABLE `director` (
  `ID` int(11) NOT NULL,
  `FNAME` varchar(100) NOT NULL,
  `LNAME` varchar(100) DEFAULT NULL,
  `BIRTH_DATE` date DEFAULT NULL,
  `GENDER` char(1) DEFAULT NULL,
  `IMAGE` varchar(1000) DEFAULT NULL
) ENGINE=InnoDB DEFAULT CHARSET=utf8mb4;

--
-- Dumping data for table `director`
--

INSERT INTO `director` (`ID`, `FNAME`, `LNAME`, `BIRTH_DATE`, `GENDER`, `IMAGE`) VALUES
(1, 'Damien', 'Chazelle', '1985-01-19', 'M', 'https://www.gstatic.com/tv/thumb/persons/586751/586751_v9_bb.jpg'),
(2, 'ert', 'wert', '1988-08-29', 'F', 'Link');

-- --------------------------------------------------------

--
-- Table structure for table `director_prize_movie`
--

CREATE TABLE `director_prize_movie` (
  `DIRECTOR_ID` int(11) NOT NULL,
  `MOVIE_ID` int(11) NOT NULL,
  `PRIZE_ID` int(11) NOT NULL,
  `YEAR` int(11) DEFAULT NULL
) ENGINE=InnoDB DEFAULT CHARSET=utf8mb4;

--
-- Dumping data for table `director_prize_movie`
--

INSERT INTO `director_prize_movie` (`DIRECTOR_ID`, `MOVIE_ID`, `PRIZE_ID`, `YEAR`) VALUES
(2, 21, 6, 1988);

-- --------------------------------------------------------

--
-- Table structure for table `director_prize_series`
--

CREATE TABLE `director_prize_series` (
  `DIRECTOR_ID` int(11) NOT NULL,
  `SERIES_ID` int(11) NOT NULL,
  `PRIZE_ID` int(11) NOT NULL,
  `YEAR` int(11) DEFAULT NULL
) ENGINE=InnoDB DEFAULT CHARSET=utf8mb4;

--
-- Dumping data for table `director_prize_series`
--

INSERT INTO `director_prize_series` (`DIRECTOR_ID`, `SERIES_ID`, `PRIZE_ID`, `YEAR`) VALUES
(1, 1, 7, 1988);

-- --------------------------------------------------------

--
-- Table structure for table `fantasy_character`
--

CREATE TABLE `fantasy_character` (
  `ID` int(11) NOT NULL,
  `FNAME` varchar(100) NOT NULL,
  `LNAME` varchar(100) DEFAULT NULL,
  `GENDER` char(1) DEFAULT NULL,
  `BIRTH_DATE` date DEFAULT NULL,
  `STORY` varchar(1000) DEFAULT NULL,
  `STORY_ID` int(11) DEFAULT NULL,
  `IMAGE` varchar(1000) DEFAULT NULL
) ENGINE=InnoDB DEFAULT CHARSET=utf8mb4;

--
-- Dumping data for table `fantasy_character`
--

INSERT INTO `fantasy_character` (`ID`, `FNAME`, `LNAME`, `GENDER`, `BIRTH_DATE`, `STORY`, `STORY_ID`, `IMAGE`) VALUES
(1, 'Taha', 'hussin', 'F', '0000-00-00', 'plaplapla', 1, 'https://encrypted-tbn0.gstatic.com/images?q=tbn:ANd9GcSU4QA7_VnwyZ4mtKus_tLjwqEZzLPtQ4dedQ&usqp=CAU');

-- --------------------------------------------------------

--
-- Table structure for table `funded_movie`
--

CREATE TABLE `funded_movie` (
  `MOVIE_ID` int(11) NOT NULL,
  `PRODUCTION_COMPANY_ID` int(11) NOT NULL
) ENGINE=InnoDB DEFAULT CHARSET=utf8mb4;

--
-- Dumping data for table `funded_movie`
--

INSERT INTO `funded_movie` (`MOVIE_ID`, `PRODUCTION_COMPANY_ID`) VALUES
(34, 1),
(34, 2),
(35, 1),
(36, 1),
(37, 1),
(38, 1),
(39, 1),
(40, 2),
(41, 2),
(42, 1),
(42, 2);

-- --------------------------------------------------------

--
-- Table structure for table `funded_series`
--

CREATE TABLE `funded_series` (
  `SERIES_ID` int(11) NOT NULL,
  `PRODUCTION_COMPANY_ID` int(11) NOT NULL
) ENGINE=InnoDB DEFAULT CHARSET=utf8mb4;

--
-- Dumping data for table `funded_series`
--

INSERT INTO `funded_series` (`SERIES_ID`, `PRODUCTION_COMPANY_ID`) VALUES
(1, 1),
(2, 1);

-- --------------------------------------------------------

--
-- Table structure for table `genre`
--

CREATE TABLE `genre` (
  `ID` int(11) NOT NULL,
  `GENRE_TYPE` varchar(100) NOT NULL
) ENGINE=InnoDB DEFAULT CHARSET=utf8mb4;

--
-- Dumping data for table `genre`
--

INSERT INTO `genre` (`ID`, `GENRE_TYPE`) VALUES
(1, 'Adventure'),
(2, 'Action'),
(3, '7ellllo'),
(4, 'to7faaa'),
(6, 'Drama'),
(7, ''),
(8, 'lol'),
(9, '7elooo');

-- --------------------------------------------------------

--
-- Table structure for table `genre_relation_movie`
--

CREATE TABLE `genre_relation_movie` (
  `MOVIE_ID` int(11) NOT NULL,
  `GENRE_ID` int(11) NOT NULL
) ENGINE=InnoDB DEFAULT CHARSET=utf8mb4;

--
-- Dumping data for table `genre_relation_movie`
--

INSERT INTO `genre_relation_movie` (`MOVIE_ID`, `GENRE_ID`) VALUES
(0, 1),
(0, 2),
(0, 3),
(0, 4),
(0, 5),
(33, 1),
(33, 2),
(33, 8),
(34, 1),
(34, 8),
(34, 9),
(35, 0),
(36, 0),
(37, 0),
(37, 2),
(38, 3),
(38, 4),
(38, 5),
(39, 3),
(39, 4),
(40, 3),
(40, 7),
(41, 3),
(42, 3);

-- --------------------------------------------------------

--
-- Table structure for table `genre_relation_series`
--

CREATE TABLE `genre_relation_series` (
  `SERIES_ID` int(11) NOT NULL,
  `GENRE_ID` int(11) NOT NULL
) ENGINE=InnoDB DEFAULT CHARSET=utf8mb4;

--
-- Dumping data for table `genre_relation_series`
--

INSERT INTO `genre_relation_series` (`SERIES_ID`, `GENRE_ID`) VALUES
(1, 6),
(1, 1),
(1, 6),
(1, 1),
(0, 6),
(0, 1),
(0, 6),
(0, 1),
(0, 6),
(0, 1),
(0, 6),
(0, 1),
(2, 6),
(2, 1);

-- --------------------------------------------------------

--
-- Table structure for table `movie`
--

CREATE TABLE `movie` (
  `ID` int(11) NOT NULL,
  `NAME_MOVIE` varchar(100) NOT NULL,
  `YEAR` int(11) DEFAULT NULL,
  `DURATION_MIN` int(11) DEFAULT NULL,
  `DESCRIPTION_OF_MOVIE` varchar(1000) DEFAULT NULL,
  `LANGUAGE_MOBIE` varchar(50) DEFAULT NULL,
  `REVENUE` int(11) DEFAULT NULL,
  `BUDGET` int(11) DEFAULT NULL,
  `HOME_PAGE_LINK` varchar(1000) DEFAULT NULL,
  `POSTER` varchar(1000) DEFAULT NULL,
  `ADMIN_INSETED_MOVIE` varchar(100) DEFAULT NULL,
  `IMDB_RATE` int(11) DEFAULT NULL,
  `IMDB_RATE_COUNT` int(11) DEFAULT NULL,
  `DIRECTOR_ID` int(11) DEFAULT NULL,
  `PRIZE_WON_ID` int(11) DEFAULT NULL,
  `STORY_ID` int(11) DEFAULT NULL
) ENGINE=InnoDB DEFAULT CHARSET=utf8mb4;

--
-- Dumping data for table `movie`
--

INSERT INTO `movie` (`ID`, `NAME_MOVIE`, `YEAR`, `DURATION_MIN`, `DESCRIPTION_OF_MOVIE`, `LANGUAGE_MOBIE`, `REVENUE`, `BUDGET`, `HOME_PAGE_LINK`, `POSTER`, `ADMIN_INSETED_MOVIE`, `IMDB_RATE`, `IMDB_RATE_COUNT`, `DIRECTOR_ID`, `PRIZE_WON_ID`, `STORY_ID`) VALUES
(1, 'Pirates of the Caribbean: Dead Mans Chest', 2006, 151, 'Jack is back!', 'English', 1065659812, 200000000, 'http://disney.go.com/disneypictures/pirates/', NULL, NULL, 7, 5246, NULL, NULL, NULL),
(2, 'King Kong', 0, 187, 'The eighth wonder of the world.', 'English', 550000000, 207000000, 'nan', NULL, NULL, 7, 2337, NULL, NULL, NULL),
(3, 'Pirates of the Caribbean: At Worlds End', 2007, 169, 'At the end of the world, the adventure begins.', 'English', 961000000, 300000000, 'http://disney.go.com/disneypictures/pirates/', NULL, NULL, 7, 4500, NULL, NULL, NULL),
(4, 'Spider-Man 3', 2007, 139, 'The battle within.', 'English', 890871626, 258000000, 'http://www.sonypictures.com/movies/spider-man3/', NULL, NULL, 6, 3576, NULL, NULL, NULL),
(5, 'Titanic', 0, 194, 'Nothing on Earth could come between them.', 'English', 1845034188, 200000000, 'http://www.titanicmovie.com', NULL, NULL, 8, 7562, NULL, NULL, NULL),
(6, 'Harry Potter and the Half-Blood Prince', 2009, 153, 'Dark Secrets Revealed', 'English', 933959197, 250000000, 'http://harrypotter.warnerbros.com/harrypotterandthehalf-bloodprince/dvd/index.html', NULL, NULL, 7, 5293, NULL, NULL, NULL),
(7, 'Superman Returns', 2006, 154, 'nan', 'English', 391081192, 270000000, 'http://www.superman.com', NULL, NULL, 5, 1400, NULL, NULL, NULL),
(8, 'Pirates of the Caribbean: On Stranger Tides', 2011, 136, 'Live Forever Or Die Trying.', 'English', 1045713802, 380000000, 'http://disney.go.com/pirates/index-on-stranger-tides.html#/video/', NULL, NULL, 6, 4948, NULL, NULL, NULL),
(9, 'The Amazing Spider-Man', 2012, 136, 'The untold story begins.', 'English', 752215857, 215000000, 'http://www.theamazingspiderman.com', NULL, NULL, 7, 6586, NULL, NULL, NULL),
(10, 'The Golden Compass', 0, 113, 'There are worlds beyond our own - the compass will show the way.', 'English', 372234864, 180000000, 'http://www.goldencompassmovie.com/index_german.html', NULL, NULL, 6, 1303, NULL, NULL, NULL),
(11, 'The Chronicles of Narnia: Prince Caspian', 2008, 150, 'Hope has a new face.', 'English', 419651413, 225000000, 'nan', NULL, NULL, 6, 1630, NULL, NULL, NULL),
(12, 'Quantum of Solace', 2008, 106, 'For love, for hate, for justice, for revenge.', 'English', 586090727, 200000000, 'http://www.mgm.com/view/movie/234/Quantum-of-Solace/', NULL, NULL, 6, 2965, NULL, NULL, NULL),
(13, 'Avatar', 2009, 162, 'Enter the World of Pandora.', 'English', 2147483647, 237000000, 'http://www.avatarmovie.com/', NULL, NULL, 7, 11800, NULL, NULL, NULL),
(14, 'Robin Hood', 2010, 140, 'Rise and rise again, until lambs become lions.', 'English', 310669540, 200000000, 'http://www.robinhoodthemovie.com/', NULL, NULL, 6, 1398, NULL, NULL, NULL),
(15, 'The Avengers', 2012, 143, 'Some assembly required.', 'English', 1519557910, 220000000, 'http://marvel.com/avengers_movie/', NULL, NULL, 7, 11776, NULL, NULL, NULL),
(16, 'Skyfall', 0, 143, 'Think on your sins.', 'English', 1108561013, 200000000, 'http://www.skyfall-movie.com', NULL, NULL, 7, 7604, NULL, NULL, NULL),
(17, 'Tangled', 2010, 100, 'Theyre taking adventure to new lengths.', 'English', 591794936, 260000000, 'http://disney.go.com/disneypictures/tangled/', NULL, NULL, 7, 3330, NULL, NULL, NULL),
(18, 'Men in Black 3', 2012, 106, 'They are back... in time.', 'English', 624026776, 225000000, 'http://www.sonypictures.com/movies/meninblack3/', NULL, NULL, 6, 4160, NULL, NULL, NULL),
(19, 'Battleship', 0, 131, 'The Battle for Earth Begins at Sea', 'English', 303025485, 209000000, 'nan', NULL, NULL, 6, 2114, NULL, NULL, NULL),
(20, 'The Dark Knight Rises', 2012, 165, 'The Legend Ends', 'English', 1084939099, 250000000, 'http://www.thedarkknightrises.com/', NULL, NULL, 8, 9106, NULL, NULL, NULL),
(21, 'Man of Steel', 2013, 143, 'You will believe that a man can fly.', 'English', 662845518, 225000000, 'http://www.manofsteel.com/', NULL, NULL, 7, 6359, NULL, NULL, NULL),
(22, 'John Carter', 2012, 132, 'Lost in our world, found in another.', 'English', 284139100, 260000000, 'http://movies.disney.com/john-carter', NULL, NULL, 6, 2124, NULL, NULL, NULL),
(23, 'The Hobbit: The Desolation of Smaug', 2013, 161, 'Beyond darkness... beyond desolation... lies the greatest danger of all.', 'English', 958400000, 250000000, 'http://www.thehobbit.com/', NULL, NULL, 8, 4524, NULL, NULL, NULL),
(24, 'The Lone Ranger', 2013, 149, 'Never Take Off the Mask', 'English', 89289910, 255000000, 'http://disney.go.com/the-lone-ranger/', NULL, NULL, 6, 2311, NULL, NULL, NULL),
(25, 'Avengers: Age of Ultron', 2015, 141, 'A New Age Has Come.', 'English', 1405403694, 280000000, 'http://marvel.com/movies/movie/193/avengers_age_of_ultron', NULL, NULL, 7, 6767, NULL, NULL, NULL),
(26, 'The Hobbit: The Battle of the Five Armies', 2014, 144, 'Witness the defining chapter of the Middle-Earth saga', 'English', 956019788, 250000000, 'http://www.thehobbit.com/', NULL, NULL, 7, 4760, NULL, NULL, NULL),
(27, 'Jurassic World', 0, 124, 'The park is open.', 'English', 1513528810, 150000000, 'http://www.jurassicworld.com/', NULL, NULL, 7, 8662, NULL, NULL, NULL),
(28, 'Spectre', 2015, 148, 'A Plan No One Escapes', 'English', 880674609, 245000000, 'http://www.sonypictures.com/movies/spectre/', NULL, NULL, 6, 4466, NULL, NULL, NULL),
(29, 'Batman v Superman: Dawn of Justice', 2016, 151, 'Justice or revenge', 'English', 873260194, 250000000, 'http://www.batmanvsupermandawnofjustice.com/', NULL, NULL, 6, 7004, NULL, NULL, NULL),
(30, 'Captain America: Civil War', 0, 147, 'Divided We Fall', 'English', 1153304495, 250000000, 'http://marvel.com/captainamericapremiere', NULL, NULL, 7, 7241, NULL, NULL, NULL),
(31, 'LA lA LAND', 2016, 2, 'Sebastian (Ryan Gosling) and Mia (Emma Stone) are drawn together by their common desire to do what they love. But as success mounts they are faced with decisions that begin to fray the fragile fabric of their love affair, and the dreams they worked so hard to maintain in each other threaten to rip them apart.', 'English', 2147483647, 1000000000, 'https://www.youtube.com/watch?v=0pdqf4P9MB8', 'https://encrypted-tbn2.gstatic.com/images?q=tbn:ANd9GcRhFtgdSYQ89vUMjMJal2D8H39qBCkh9ptCEoZEsafOzkeQPTu2', 'Raghad', 8, 200000, 1, 1, 1),
(32, 'LA lA LAND', 2016, 2, 'Sebastian (Ryan Gosling) and Mia (Emma Stone) are drawn together by their common desire to do what they love. But as success mounts they are faced with decisions that begin to fray the fragile fabric of their love affair, and the dreams they worked so hard to maintain in each other threaten to rip them apart.', 'English', 2147483647, 1000000000, 'https://www.youtube.com/watch?v=0pdqf4P9MB8', 'https://encrypted-tbn2.gstatic.com/images?q=tbn:ANd9GcRhFtgdSYQ89vUMjMJal2D8H39qBCkh9ptCEoZEsafOzkeQPTu2', 'Raghad', 8, 200000, 1, 1, 1),
(33, '3 idiot', 2020, 0, 'fee description henaaaaaaa  ', 'English', 0, 100000000, 'https://www.youtube.com/watch?v=0pdqf4P9MB8', 'https://encrypted-tbn2.gstatic.com/images?q=tbn:ANd9GcRhFtgdSYQ89vUMjMJal2D8H39qBCkh9ptCEoZEsafOzkeQPTu2', 'Raghad', 1, 10000000, 1, 1, 1),
(34, 'Purple', 2020, 0, 'blabla  tany           ', 'Arabic', 100000000, 2147483647, 'https://www.youtube.com/watch?v=0pdqf4P9MB8', 'https://encrypted-tbn2.gstatic.com/images?q=tbn:ANd9GcRhFtgdSYQ89vUMjMJal2D8H39qBCkh9ptCEoZEsafOzkeQPTu2', '', 7, 300, 2, 1, 1),
(40, 'Raghodaaaaaaa', 2019, 120, 'bla bla', 'Arabic', 10000000, 2147483647, 'https://www.youtube.com/watch?v=0pdqf4P9MB8', 'https://encrypted-tbn2.gstatic.com/images?q=tbn:ANd9GcRhFtgdSYQ89vUMjMJal2D8H39qBCkh9ptCEoZEsafOzkeQPTu2', 'Raghad', 2, 10, 1, 3, NULL),
(41, 'uuu', 2020, 120, 'blo blo', 'Arabic', 19999999, 10000000, 'https://www.youtube.com/watch?v=0pdqf4P9MB8', 'https://encrypted-tbn2.gstatic.com/images?q=tbn:ANd9GcRhFtgdSYQ89vUMjMJal2D8H39qBCkh9ptCEoZEsafOzkeQPTu2', 'Raghad', 9, 1000, 2, 5, 1),
(42, 'roro Film', 2020, 120, 'bl plo', 'Arabic', 10000000, 1000000, 'https://www.youtube.com/watch?v=0pdqf4P9MB8', 'https://encrypted-tbn2.gstatic.com/images?q=tbn:ANd9GcRhFtgdSYQ89vUMjMJal2D8H39qBCkh9ptCEoZEsafOzkeQPTu2', 'Raghad', 5, 9, 1, 1, 1);

-- --------------------------------------------------------

--
-- Table structure for table `prize`
--

CREATE TABLE `prize` (
  `ID` int(11) NOT NULL,
  `TITLE` varchar(1000) DEFAULT NULL,
  `TYPE_OF_PRTIZE` varchar(1000) DEFAULT NULL
) ENGINE=InnoDB DEFAULT CHARSET=utf8mb4;

--
-- Dumping data for table `prize`
--

INSERT INTO `prize` (`ID`, `TITLE`, `TYPE_OF_PRTIZE`) VALUES
(1, 'Oscar', 'Best movie'),
(3, 'Dress', 'yellow'),
(4, 'oscar', 'Best Actor'),
(5, 'Oscar', 'The Best'),
(6, 'Best', 'Director'),
(7, 'Oscar', 'Director'),
(8, 'Oscar', 'BestFilm');

-- --------------------------------------------------------

--
-- Table structure for table `production_company`
--

CREATE TABLE `production_company` (
  `ID` int(11) NOT NULL,
  `COMPANY_NAME` varchar(100) DEFAULT NULL,
  `YEAR_FOUNDED` int(11) DEFAULT NULL
) ENGINE=InnoDB DEFAULT CHARSET=utf8mb4;

--
-- Dumping data for table `production_company`
--

INSERT INTO `production_company` (`ID`, `COMPANY_NAME`, `YEAR_FOUNDED`) VALUES
(1, 'Ingenious Film Partners', 1999),
(2, 'Hcona Matata', 1988);

-- --------------------------------------------------------

--
-- Table structure for table `rate_movie`
--

CREATE TABLE `rate_movie` (
  `USER_NAME_WHO_RATED` varchar(100) NOT NULL,
  `MOVIE_ID` int(11) NOT NULL,
  `RATE` int(11) DEFAULT NULL
) ENGINE=InnoDB DEFAULT CHARSET=utf8mb4;

--
-- Dumping data for table `rate_movie`
--

INSERT INTO `rate_movie` (`USER_NAME_WHO_RATED`, `MOVIE_ID`, `RATE`) VALUES
('Raghodaaaa', 33, 5);

-- --------------------------------------------------------

--
-- Table structure for table `rate_series`
--

CREATE TABLE `rate_series` (
  `USER_NAME_WHO_RATED` varchar(100) NOT NULL,
  `SERIES_ID` int(11) NOT NULL,
  `RATE` int(11) DEFAULT NULL
) ENGINE=InnoDB DEFAULT CHARSET=utf8mb4;

-- --------------------------------------------------------

--
-- Table structure for table `season`
--

CREATE TABLE `season` (
  `SERIES_ID` int(11) NOT NULL,
  `SEASON_NUMBER` int(11) NOT NULL,
  `POSTER` varchar(1000) DEFAULT NULL,
  `SEASON_LINK` varchar(1000) DEFAULT NULL
) ENGINE=InnoDB DEFAULT CHARSET=utf8mb4;

--
-- Dumping data for table `season`
--

INSERT INTO `season` (`SERIES_ID`, `SEASON_NUMBER`, `POSTER`, `SEASON_LINK`) VALUES
(2, 3, 'data:image/jpeg;base64,/9j/4AAQSkZJRgABAQAAAQABAAD/2wCEAAkGBxMTEhUTExIVFRUVGBsYGBcYFxYWGRgYGxcZGhgXGBYYHSggGBslHRgYITEiJSkrLi4uGB8zODMsNygtLisBCgoKDg0OGxAQGzAlHyYtKy0tNS01LS0tLS0tNS0tLy0tLS0tLS0tLS0tLS0tLS0tLS0tLS0tLS0tLS0tLS0tLf/AABEIARMAtwMBIgACEQEDEQH/xAAcAAABBQEBAQAAAAAAAAAAAAAAAwQFBgcCAQj/xABFEAABAwIEAwUFBQcBBgcBAAABAgMRAAQFEiExBkFREyJhcYEHMpGhwRRCsdHwI1JicoKS4aIzNHOywvEVFiVDRFOTCP/EABkBAAMBAQEAAAAAAAAAAAAAAAADBAIBBf/EACURAAIDAAIDAAEEAwAAAAAAAAABAgMREiEEMUEiEzJRYRRCgf/aAAwDAQACEQMRAD8Aw2iiigAooooAKKKKACiiigAooooAKKKKACiiigAooooAKKKKACiiigAooooAKKKKACrfwHwg1eJfuLq4+zWlsElxzLmJUowlCR19CZKQAZ0qFa5hFxhdvgLCLwXKvtbzjpSyQFKUyrJuSEhAGXQ6ySRtoAU/i5zCA0lvD0XRdSvvvPFIStEHQJB3nL91Ox3qp1ZcZxiwIKbXDQgagOPPvOL1GighCkoSR0OYVEYphpZKZWlWZOYFJmuatw0oScXJel7/AOkhhPBt/cpbWxaOuIdJCVpHclJgys6IE6SogaGnXE3s/wAQsW+1uGIbkJzpWhYBOwVlMp23IiYFbLh/CFw5h1jatXqrdlDBXctNEdu4tyHcgJIyjvKGpjXUEVl3Ht5cpaFkjD3LGzaVnCClRU4v3Q666RCzA5aDbWBHTJQ6dYXhztw6hhlBW44cqUggSfMkAeZp3geDfaEvntm2+wZU7CzBcy/cR4n8qnvZe8li4fvVf/DtnHUzo', 'https://www.youtube.com/watch?v=0pdqf4P9MB8');

-- --------------------------------------------------------

--
-- Table structure for table `series`
--

CREATE TABLE `series` (
  `ID` int(11) NOT NULL,
  `NAME_SERIES` varchar(100) NOT NULL,
  `YEAR` int(11) DEFAULT NULL,
  `DURATION_MIN` int(11) DEFAULT NULL,
  `DESCRIPTION` varchar(1000) DEFAULT NULL,
  `LANGUAGE` varchar(50) DEFAULT NULL,
  `REVENUE` int(11) DEFAULT NULL,
  `BUDGET` int(11) DEFAULT NULL,
  `HOME_PAGE_LINK` varchar(1000) DEFAULT NULL,
  `POSTER` blob DEFAULT NULL,
  `ADMIN_INSETED_SERIES` varchar(100) DEFAULT NULL,
  `IMDB_RATE` int(11) DEFAULT NULL,
  `IMDB_RATE_COUNT` int(11) DEFAULT NULL,
  `NUMBER_OF_EPISODES_IN_SEASON` int(11) DEFAULT NULL,
  `DIRECTOR_ID` int(11) NOT NULL,
  `PRIZE_WON_ID` int(11) DEFAULT NULL
) ENGINE=InnoDB DEFAULT CHARSET=utf8mb4;

--
-- Dumping data for table `series`
--

INSERT INTO `series` (`ID`, `NAME_SERIES`, `YEAR`, `DURATION_MIN`, `DESCRIPTION`, `LANGUAGE`, `REVENUE`, `BUDGET`, `HOME_PAGE_LINK`, `POSTER`, `ADMIN_INSETED_SERIES`, `IMDB_RATE`, `IMDB_RATE_COUNT`, `NUMBER_OF_EPISODES_IN_SEASON`, `DIRECTOR_ID`, `PRIZE_WON_ID`) VALUES
(2, 'Friends', 0, 20, 'mosalsl Donia', 'English', 2000000000, 1000000, 'https://www.netflix.com/eg-en/title/70153404?source=35', 0x646174613a696d6167652f6a7065673b6261736536342c2f396a2f34414151536b5a4a5267414241514141415141424141442f3277434541416b4742784d54456855544578495646525556474273594742635946785957475267594778635a4768675847425959485367674742736c48526759495445694a536b724c6934754742387a4f444d734e7967744c69734243676f4b4467304f47784151477a416c487959744b7930744e5330314c5330744c5330744e5330744c7930744c5330744c5330744c5330744c5330744c5330744c5330744c5330744c5330744c5330744c5330744c662f414142454941524d4174774d4249674143455145444551482f78414163414141424251454241514141414141414141414141414141417751464267634341516a2f7841424645414142417749454177554642516342426763424141414241674d524141514645694578426b465245794a68635945484d704768775252437364487749314a69636f4b533461497a4e484f79777645564669564452464f5443502f4541426b4241414d4241514541414141414141414141414141414141444241494242662f454143555241414944414149444141454541774141414141414141414241674d52456945454d554569457a4a525952524367662f61414177444151414345514d5241443841773269696967416f6f6f6f414b4b4b4b414369696967416f6f6f6f414b4b4b4b414369696967416f6f6f6f414b4b4b4b414369696967416f6f6f6f414b4b4b4b414372667748776731654a66754c71342b7a576c73456c787a4c6d4a556f776c43523139435a4b51415a3071466135684678686476674c434c77584b7674627a6a70537951464b5579724a755345684147585136795352746f41552f69357a4341306c7644305852645376767650464953744548514a42336e4c39314f78337170315a635a786977494b625844516761674f5050764f4c3147696768436b6f5352304f595645597068705a4b5a576c575a4f59464a6d75617477306f5363584a656c372f414f6b68685042742f6370625778614f7549644a43567048636c4a67797336494536536f6761476e584533732f77415173572b31754749626b4a7a70576859424f77566c4d70323349695946624c682f4346773568316a6174587172646c44425863744e4564753474794863674a49796a764b47706a585545566c33487435637061466b6a44334c477a61566e43436c52553476335136363652437a4135614462574248544a5136645958687a74773668686c42573434637155676753664d6b41655a7033676544666145766e746d322b775a5537437a4263792f6352346e38716e765a65386c6934667656662f44746e48557a6f433671476d3045386953377035566c535462532b4155356153435152424768486a584e4f4c4f315536724b4341594a6c526a3947726637484d455264596d33326d54733245716657466d415169416b64444331494a4230674b7265504e41723748433136744a576d7a7543684b537371374a59546c416b6e4d524230714972624f4d4f4c724a3075494f4c596a634661696b4e576957326d737169596231534d3441684d795a6e6e725754334e713035634275324469456d422b33556b714375636c4351414a35525847384f7869355045526446586a3254594c32754c744963435368677263636e555132444238652f6c71593477345362784572784442683279466e3974624a5345754d726a3367337a5371435945366b78496e4b41316a786c4774634a54396a64756e436f414f4a5a5a4363766664497a724b696451684c593167544c694f5531455664506154592f5a446157484f3359436e4e5a4266654f64306a77674953504241714234687746566f576770316c7a745777366b744c4b7745714a67456b445853737553545366746e446e4275487271364469725a6878344e5a632b515a694d303565364e544f5537446c526933446c336241473474586d67646974745352355a69496e7772516348737275317748506174506c2b2f657a6c786c4c6757307778735374476f6c535352744957613534517844486e6c68537936356153412f384161344675575359637a4b653049797a4f575457674d736f715278686c6f3362794c636a736532576c6f795937504f51325a4f735a59337054424d4a53396474323772376243564c79716455653467645a3038684a416b69534b376a7a51492b327431754b4347304b577452684b5567715554304147704e4b4777643735374e66374d6b4c377037684734562b3652343174647a592f59306d33776433446d546f6c563237644d4c756e6c4b6a75706d51324a306a6e7969736c3471776d37744c68626434464a65582b30564b7776506d55652b564a4a6d5344767258414957696969674171343863685456726856737237746f582b6e2b38504c574248554a536d716454374638586575564a572b764f704461576b3641516841684b5145674454366d67426a55727772686e326d38743763374f756f51715033536f5a6a2f624e52564f384b78467933656266614f56787051576b77444242306b48635541535047474c647669467a6349566f70355262556b784345716873676a6145684d65564b746363596b6c436b6662726770574343464f4b586f524245714a49394b7231464142556e59593274713275625a4b554646313265636b484d4f79586e546c4d774a4a4d7944555a5251415663505a7a786b33687133314c74686342357273347a4245435a494a796e756e6e35437166525142664d51397146786b4c566b7778594e6b522b7751413452484e30695a3851416647714970524a6b6d53647a586c46414537776e784b717856634b516a4d702b32637477637853572b30792f74456b44556a4c7470353079775447726930644431733670705935704f342f64554e6c4a38444971506f6f416b2b49386365766268793566494c6a6b546c454a4143516b41446b41414b6a4b4b4b414e4d7850327558436261305973464733374a6c4b4876325452436c7045536a4e6d684f6b3741796170474e63535864332f764e7936364e38716c6b7042384565365051564655554146656a78327279696743354469697a74542f414f6e57517a365263586d5639784a47796d32774132326f48576539565a78624648726c31547a37696e5846627155646641446b414f6730706e5251415555555541464646464142525252514155555555414646464641425252542b327374526e6a79353761543530414d4b396970554e4a41424142535641666a70356169756d3751475159566d316b48514766796f4f61513946644b5442673871356f4f68525252514155555555414646464641425252525141555555554146464646414252525251415555555541464646464143316f7a6d56484b43543461564d737145526f437043544a35694e666e41714674334d706b4744797134634d38504b75306a4d637141644272493869617a4b5369745a714d584a34694a7479457545424d706b486552476b7834372f43693464534d7951694172556b64642f3138504c56734f396e3743523736757672584f4d63414d46424346464a385250705366384149694f2f7870474d337a674a5359316a587836453954796e77707173565a754b4f466e4c595a69516f626156586c49546b6e57616647536131434a5263586a4739464646644f425252525141555555554146464646414252525251415555555541464646464142525252514155555555414b4d4b67375457712b7a353949626c616b707a48535342746f6677724a785774385059413274734649456a515a67464549563377424f67506547766853623834347839473874527047484b536f614b42486751615378433662535955346b486f534166685556677547665a79674258766236415476724139425364396759666c524d476434535350445547655877715046754672334e4b707832734f747155326f4c536e3373706e546e745759336737716376753754347961326a45384b5130326536437051494a41417a6148634465716278465a735732477047686375416a4c7a49495546714d38674270363154565046694a37617554636e2f41415a35525252564a47464646464142525252514155555555414646464641425252525141553573374e546967414435787053434579514b763343316f5345776b45632f3848725372624f4b36475677354d5a596477716e544f4a4f732f536e647a776d674a4549314f756b36446c563356594c4168445a32314a336a7046504632546968333043434e687072343148796d2f705371312f426a4f4a594355616f554665484d657578714572573856746c704d464b436b39645038414a7250654937424b465a6b78436a71415a672f71616f7075626647516d32704c74454e57752b7a5045457261416e3351457138302f774349724971735842574f2f5a6e75392f73317746654247782b5a4872544c59386f39484b4a385a396d31755853513467714d416e5136783865584b753753394155734179423577664938365a4e455a306b47576c6a596959506e394b587662634570536855446d424130366541396169343961656c37477550584b564a4a4849452f5436316b5847324e4a7548454a626b4e736f796952424b744d786a3041394b3150484f3872496e5249333868716670384b792f6a6a68355671747463454a66526e31354c2b38506755712f71384b6f6f5248354d6e6857614b4b587337637257456a6e7635565552694b557a5571624a4b47306c594d716e625342316e616e6476684d7564416e663643757359745370535730616b364a547a50352b64414456316c4570516f45434e46544d7a7a387631464e4c7644466f6b7753427a384f74573634344f75657a61576c6b796c4d4b476e78426d6d6436325169464a4b567030495030384b34704a6e58467232552b696c486b5161547270774b4b4b4b41436969696743553464746530654366416e356766577452345161544b67423770676556552f32565761584c7059562f38415766784835566238456868352f74465a554a4f71694a6e587038716a75317a4c4b50326d683244553074654d6744536f6a4363567a47424f5759424b564949504d454b7078693932346b6d417051484a4d436655316a50685271396b4278536b42736d4e514a724e73617479367734714e55444e385048796d744e7570656155564e4c6233544369444d6a634754555461594745324436566a764c5a634a387538456e3547754a4e535175784a706d4a67565a665a35674832792b6262554a6251433634503445636a344652536e2b716f5a4c554145633632483247577147324c68386b5a3348513134684b454259483957632f324376526b73523530587248694c6e73564b536f53676d6470676d43644f6d7450626e4632676e396d424d624152386153784a676c3178415353564b6c49414a4a6b413641667253704468336731626977753547524364657a6b5a6c2b636244352b56516364665236626c474d64624f2b4863457a7037567a56457a2f4f6633522f434f667738716a37656e304244444f37684a6350676d436b66457a2f62577534673868435a55516874744a556f37424b45695436514b2b624f4c3857566533546a7974416f3931503771426f6c506f4e2f456b383673707277382b3631795a54716b73416443585a504d52387858747977506c544a53536b794b5934344c55744c70326f6b3954567a396d2b414e754c566372475a514953696557674a724c384e76536f6b6e63437458396e6d4d4e4e572b5652566d557377414a306d4154304654333778364b66475335396d67584e734930465a7237544d4e415a3751434344452f4d54382f6a576858743073747930524b7469524d64644f7456787a4348726c747870384170495066373035755553593638687434314c42342b526250386f38443536654f73476b366e386634616374314c357053714a36637855425636616131486d796934764746464646644d6852525251426f767357616d3464563051423853667972524c56704975466767454c4a33382f3831546659706251683533716f4a2f74415038413156613858754330413739314b35556634536f4a2b76797147352f6d576550306b546c30326c4f554a6764346144546e546875354764514a3233324d656654656f62456c6e4b685179716256716f393651655245666a79303950533876756f5979484e7572764b6a71535352576533325871725671487645446f374d776449706d34304f77587a6c764c3537666e546669484b416c736e33794537676237784a67615454394d426f6f41674a53524231694f526f33365333503459456c4f6e70566d7769394c654658714572794b4c7475704b706768524b695344794d4e3871673731724b34745037713144344b49705678395347696b48756e764551444a53465a5474797a4b2b506c587176733864644d2b6b4c544441586d48515a42626b486d5a51496e2b34314e504e4a5242486c386556566e325a596c322b4832366c48764e494c53756675484b6b6e7879684a39616a7661706a367264466f55795a75457546494d5a307451536d65514a554255366a3367397a6253624966327959376b6146716739353068546e67326b364a2f71554a386b654e593664424d452b584b70624873535863767265634d71575a4d62446b456a7741414138715a705441494e506973516c76574d4841547152477733464d723171457a34314a4e6a4e33755130542b644a337a48634a365161302f514c324d635042412f6d49412f4f747a396e654549467568526e4e4a555270457a6f6573675150537363734c5861444b3431504a4135676454314e614a37503865554671746e43454b53415249496c4a53446d485553666d4b6976334e52663433486c6b6a524d325572484a427a6541363036754c6f4648505556444e754575484f684f6d79684b35484b523359395a707741633557535341495344743535514142345648703658484f7a50754f454b4c4c75304651563479416f6643515055316b696f6a786d74523474644c716e676e594a435a384e5359387a507748577374645442493647727166326e6c2b51396d7a696969696d69416f71775952776264334351704459536b37465a797a35446550474b6e384b396d39796c774b65536c5342724356546d504947514e4f7459646b5639474b71542b463034495946765a7470694355356c656175386679394b4d62664b3246705442686b7132424d6c5a4d442b6c4b766a546f596136704f557153676570503070573277594e7a436c4b7a614b6b3651444f672b493961383153626c724c31586953517977647864756843584a4c634478796d50777165754d655a536a75393438674f644c4c736770455254425748416374713732696a706c6278565257704333565153764d4e74436c436c4a416e2b49415659672f2f414c5561624759326e6d4b677549624a62695535424a53633064644343506e58484439325370535653464547516f515165636a306d754f5749544f4776536959756e3975372f4f6f2f4f615175534e553636702f4f704c69466a4c634b2f69672f4b443877616359685a4a56625732557934737642594770434170415154356e7442587271784b436b2f345048634735754b4e48396e6d4a73325747706375484d6958567157453771554233516c4352715363766c564b3436346f4e2f636877494c625453636a61536464544b6c4b6a53544130355150476f6538743553326c35536e485443454e6b6849516849306c496a4b6b4436307a7735395257556c744b6d67544253447431424d6d6c667170666c6737394276725179303275565a6a6b4850336a34644b7331316752556e4f3174452f397831714a747346754d75644e7538744a4a475a4c61316951594f7151645a706c64305a69724b5a56736268414565464a586f37696f2f577453434d4b666b4a4c447153647336466f6e786c594654482f6b78395465597262542f447154486e3172733759523662437571637530697534436b4243353543443555716c55754a6432556c78414368306849303877506e3430673872733075494876535578346a5967395079705467524a656653307255426156362f77414a6e36664b6c53663436506a4675574775576430706f6a4f6b715364694e2f68547534755676454943637144755475523030327038713242534e4b56444d436567727a4e50574d73347955576e6c494359437a6d6e714969427972504d52594b6c456741654857742b3469346654636f6a514c547144394b7a7646654233544d434351646478494a476f394b727174696c32513230796374526d52464653654c5944634d48396f32592f65416c4a395274363056556d6e3649334670347a364f737245424d394b59597078466232344957366e4e79416c5239514e71694f4f4f4b46577251513252326974394a796f356e3871795678354c79394d78473539374d65704a484b6f345636744c626263654976376e7452594b774f78566c43694354456c5049703130504f44566f777a4662613531743367542b377366375472574e76577a53646b68553839644a3250694e766e534c41794b53744f6b6367534349314242484f6d5371692f5175486b54543737506f4643314a47734565476c6358616755474e7a702b645a7a6833486a71456a746f6347676d494f7041436f353736396130426c61567043687a4578494e496e42784c4b37497a39446453524f6732726d35773544734651456a514b4769684967776163646e5872626d55697359626638415257754a4f45322b794c7864566d54746f6e765364457841314a4d65744e4c4c4345744e53645667535349303870717963534f68536d577874713472786a5250346b2f436d3244326662537058755a6a702b3942352b4868576e4e705a38455272546c76307a394e75764a63584a436c4b49374a4762586663672b5664634b574b6b6435513056377738503368396132522f43476e57533255434f554459315847384e5332536d4e6a3876312b464570747244583661543034733758494342747636637839616a6262693234773075687043484572554f36764d414662426163765551442f4b4b6c6c7651736a772f4371396a454661465270492b6968396133475845585a486d735a64374674567772746e344c69774a6959534f53556737415577347577707853443262765a6f353552336a3441387653504f7065794d4165564b6c7a4d616e3376536a4f732b474b33584344365a58726c3149423367637950317655397764674162656b6a575236617a486e466173396859374652493779674436417a2f6e3456435757475a43534f5a6d6e5757537a474c71684464524c4e74514f3758616c45366141306932366f6152587133447a4649486e6874466e584e58533763464363776e56582f542b5a6f513861647259505a42586a506f6450797255567534596e4c4d3068376e44306a33554a2b464650305052525744585a686647312b46587a755a524f5535557a45445147494777313961357737413171546f4472314232384f6e724e51574958663269385775434174776d446f596d4e5279327257384a623771523456644f58434b496161315a4e37364b4265384f4c6247594138744e2f503841436f425949566c6949362b482b4b3363574f626b44554c693343374b6a71324a362f6e5334332f79506c34692f7742575a4b356347516c492f55372f414372594f4256465676714435364766506e506e3462315438577764747633524739584c325a57696b326d6452503752525541646f3546506761314f536c4852646348437a4379646c54643546536852705464647354734a704b5135794b6869372b5662696a2f3754536c6641453035345378647374744e684b7067414b33535641435146646461613434784b72704856505a2f3664592b4e504f44625a4b625a6849456d456a7949477048513655645a32454e6374524e334f4b764e714b5179536b53535577565a527565386f41664f6b6e334f32523271516f5a65536b46423864392f5470556f36744a476f42673836386458335936316c74594f555870534c707779655836696f374545356b4872476e6e4759666c542f456b77736a7a714f513572487238352f366c6632304a695a4c47583344315a6b4a5056495079707877386a4d544f6f5353543864425444416c51776739456766445436564e34466235476850764c4a5766496e756a345238363756486c494c70635945325249673877666e566555396c6d6449336e6c4739547933557031555141427a723535397076485a756e467357784b57416f796f45533665656f50756236632b645554716332734a713756576e70706c333751635062424b72684b6950756f425772344156434939725669705756546236422b38554a49395146535067617845494e4b4a5a32706938614830572f4b6e7652394b34466a44463252324471484a33414f6f4855704f6f71327251496a6c74365246664931686650577a67645964553273624b536459396556622f374d7550553469305733595463746956676142784d783269527935416a6b534f7463565044634f79763535704c33366370506e52536645622b513638774439442b46465153574e6f39434574696d5a6b4f4830707658435544664f4e4275714450794e57693137683153666b4b69327357616663513679734b53556748714663776f4855485835315a78614964417a4a43744e6a715068545a5076476367756d346a6d7776576c484b4355712f645549507a336f78414a677951504d785361375643637555415155786c45414161666f30307572524c716e4a4a6c4a6762474948494b45566e453368765a4a62394b6478616b71535574454b55653649503369636f2f477448773631445453476b69456f53456a7941696f44424d4537613851464475704a575230536e335270456e4d55316f5a77704147684a506a5459776258524e4f31526b334c32523971316d71525a74516d6c47474936443655344a4352543451776c737435475658536762682b6633316e3445314659526646736c67714b5471343252716444333067637a724d654a36553437575856483934712b5a50353079763755367253595568476836484d6b2f6744556365394c6434345871797551745064517052504e586447763832336f4b584c5a472f79714b346578646c6251574670416a5546514253655956304e4f3372344f6149506435714830724d696e64394666783972396f5350306172627973716766312f3367714872562f7672414b534935622b584f716c6a4f447549546d576853556e6d524554714e6552724861374d5353624c4867447332766b56412f4766774e58433256742b75565a66777269594462725471676d594b56546f6f3745447832303836752f446d49356b4a7a6161455365636154385256506a7632532b53756b553732345977556f62744731444d384a574154495344704947303765496d736c6277463363704d56642b4f6c4b63785266614a3147564b66354e7848684a4e586e424c5a4a534e425435327547594b716f5675367a49634d345666644d4a515361736a5073356369567167394e36312b7a5a5367614a466333596e6c5370585361364851386143665a676645484461325431464e7545727464706473506951457247626f554852592f744a39514b315469664379346b3553416647737863736e69346c6b43567a4552702f77426f2b744f7174354c736e757034532f45327a696b79367a30685a2f35592f7743593056584c6a485137654a59426b73323653722b5a5755712b57552b74465357723869756c3544436d384132796b4e444d6b6a745646535a3570376f422b4b54576e59616f704651574a5955576b745a5a376a6265542b6849516f66365a2f71465457473353564a2f6d2f52726433376d643862714346377079444a6b706b53643431313776536d747264704c72784535535a45676966513630356474594267714d2f784b302b64513633554d4a57745a477578557251447a4a67446e57556b50627a7374764153417464773779376941665171562b4b6174785255667778686f5974304a6b45713736694343437055624562674342504f4b6b7a56634934735048746e796d324e58553145596a694a53446f6f787a6a543431504c71716362334246712f6c393773314241326c5a53516b44784a69746f58374d35733363786e71536651363035754441636e6f506b6c5835696f66434843674a5376336b67412b59422f4b706246465168585652412b56655a4234326573313069713466777a39747555744947716a476150645342336c487945316f46754f786c7255684b793243647a43696b543436564e2b7a48414f78743158437833336a43656f52504c7a50794171344e5965336d7a396d6e4e764f55544a2b766a5655712b635549686571354d693848777052415773514242414f353878556a6a5671484758415250644a39514a483456495a6468366d68314d694f756c4d566155654a504b365570386d5a5a635761534930384946633272447145355571554275426f52715a4f684855314f7432774870536f514b38394a72306573326e375252754b4d4d57396c64556b646f33736f4a676c492b36714942485454536e654634773032426d5553593253436f2f4b725a667053704541565437584239564a536f674b4b73775363703139306767365276546b39366b78546a783767734c5661347368787372623179673662475279494f315164786a4e77723367556a51414e494b316179524a4a476d6e534b665764756c6c3143515066536f47544a4a33456e3430376243593133486e4d4375703448467445646273754b546d575448516944554c68646f6b587763695a422b4d697262637570796a4b5a71703343566f634f553556453647415939445845337032555669306746684b6364634366764e3934446b6371542b41423961397145344c4c693857634c6969705937544d6f376d4e506874525737316a532f6f52532b53622f746d38574444563561747248754f6f43306b626f4a4776774d676a77716f346c684c747376556162676a335665492f4b755059666a637063736c6e564d75742b52674f49486b59562f557174576674554f494b4670436b6e6b66316f664771624b2b52485665342b2f526c61736155424254566234787348484c422b3457494279396d6e2b4874457972313039504f744948444676397337497668554937514d4833794a6a5658336b434e7439703033543970646f502f446e784849482b31515030724e646550574e75763552784d2b666548654d4c2b7a3074377078435239776e4f332f2b6135535051566f75446533433453514c71316263547a57305332714f755655676e31465a53367a72705871427056476151367a36537762326e596464516c4c2f41474b7a397834646d5a36425875452b5371692b493855447433325139786f616e6b5844452f41616571712b66316f6d7062683347484748454a4b79576951436b6d516b45786d48534e36546442796a6b522f6a32526a4e4f526f7073774c6c5a5075356b5150453666727a7074664f3972634a516e624e487156522b764b7658377a4b64647751666752394b533465625032786c52476863422b42426d764d666f3954367a656930456f5367624a4141386858544e644f317a61375636683558775547357278572f77437574644a726b622b74644d6c5676326372717834795049362f576d727067564e342b7a71462b4548356b665771706a5638473036616b364a485531425a484a4e4872557a3551544650744932714b754853323646445a5768384479503636557a533674436b68616753723067394b66764a436b363747734c2b796a3275684f34766c7065623930726e524370535661485250574e655232716274624230704c717752704f704b4549485455536f3761785545693655724b676b3530616f567a49484b6553674e6a7a46546c72644c574143564b3033575371504b65644f696f3454766b494f4d71414b6c45475a6942734f586d61722b4b756a746a726f6746536a7941416a385455396a64366c70416b2f35724e4f4938596b4b615164566d585644354e6739427a366d613158573553364632574b4b37496e413862615a784a62376d6a6177704f62706f43444839502b7169712f64322b592b416f7175666a786b395a4244795a525746697744466c5774773163496d573141782b386e5a5366564a4939612b6f4c57385134326c3173356b72534649493568516b664931386f6b5674507358783374626456736f7975334d6f38576c6e622b6c556a794b527a7262456f702b4b334c6c726a6856645035736a365639736b526c5134326f41465049495173616179452b4e6174786b786e73626747503841594f6b7874505a4b4949384f64596278412b626d3465667a51564f6c615476704d4a42484d5a5946586a326263524c754c43387333546d63746d6c705165724b6b4b434272766b5064386c4a36554e48555930356f6f306b386b5449353034664865704638626556644d434e4378705258716851427158415743662b4a4d42536c464b304473796435556e636e2b6e4c2f66576e3446776b3230684f635a6c6f6946664836474b6f6e2f38415046794333647466655374432f5261536e38572f777259514b6d2f52696d562f72536150527446637336534b364172304a3170677337464556364b394e644d4461375a4330715165592b423547737578424a46776f4c477259695047642f6c3836314e536f7250654f57776c33744275747658784b53514438436b656c545878316157654c4c4868356847487064615770775432756736705344335344794d6a4e506c30717059377843335a4b55303434464b5473457756456370413930395a69715a786678632b2b737373757162743234516c4b435535386f6a4f736a557a764777383671696d77424e50586a4a706159666d536933784a6a46654c376c35784b6b4b4c51536f464b556e6d4e696f2f6538747643744377666a7461324a4c61513450654f6142505749324f395a433370337a31674471616d4d4d7a4b42566d6e545544514435612f4774797069316946783869616b32337059385a34686466584a56746f49302b413565645257585365646549527970654b5a474b6973517163334a36786b4555567a6358415449676b6a655038305673574c494d6a774e546e42574d2f5937316c346b68453548502b477652552b5769764e497174577a6e4c72743530374f744b4f6f6c3230637654345534396e743132574d49527975573347466631494a542f7253696f2b77636c4d637854562b3644463362584d364d764e72506b6c5955666b4458547046723565512f41556b2f7636553978464144684132424d655536557865334e426b52723142337278593072793350766566306f4f46363969754c3968695752536f532b327048686d454c5366394b682f5658305131634137612b5242723541743770624c69486b474674714330394a535a3136697671666772456a63326a4c796b6b46784158456778496d415a476e70533565783162364a344f6542726f4c706c635a533451596b4a526c6b775a4b7a4d447730715155696474665775493032677a556d343930317272496d4b5a58794152424f6e67596e7a3531783645556d794b786e47736e64535156486338682b5a384b71487456576f4d42657867742b68314248774e5754454c42425433456964544d6b3763704f315533327134734657567333393978556b63346237716a3853506a533470796c6a4b4a4e526a735446514b5a334b354a384b646f31706b7353727a503171316b4b4874797751303241444f55725072722b412b56536a616732326c4364464b456b78734f652f4f6d6c2b3544715538704366547536666a556d3562414c556561694366494342514237614e5a5567612b7679464b685773563454534c7a34534f7035666e5851456354534a4855376a38442b756c65556951535a4f704e46634d69527151594d676558306f6f705a3144693039382b5831707478474f34614b4b36645169377938682b417071357a38364b4b444c473636547465666e525251415063362b6d665a63502f5437622f684e2f38676f6f7245783158307557514579514447326730705544555555566c417a31356c4b686c556b456444564a76326b7063574149414f6c6555556e7976534b764462354e484e6f34526e452f646e316b43666e57502b307439527632456b6e4b6c6b514f517a4c634a2b4a6f6f7276692f41387632796d4e6a536d715066483833316f6f713467486c372f76492f6d483431504b5065503635555555493663314735705553657356355251444630555555567734662f2f5a, 'Raghad', 9, 100000, 10, 2, 5);

-- --------------------------------------------------------

--
-- Table structure for table `story`
--

CREATE TABLE `story` (
  `STORY_ID` int(11) NOT NULL,
  `STORY_NAME` varchar(500) DEFAULT NULL,
  `AUTHOR_NAME` varchar(500) DEFAULT NULL,
  `POSTER` varchar(1000) DEFAULT NULL,
  `Overview` varchar(1000) DEFAULT NULL
) ENGINE=InnoDB DEFAULT CHARSET=utf8mb4;

--
-- Dumping data for table `story`
--

INSERT INTO `story` (`STORY_ID`, `STORY_NAME`, `AUTHOR_NAME`, `POSTER`, `Overview`) VALUES
(1, 'The Days', 'Taha Huseen', 'https://encrypted-tbn3.gstatic.com/images?q=tbn:ANd9GcTTrV1_Qb7Jg_PYLamxiZnsSodHcsW38SOmdtP6nFHSvnAtUqpL', 'The Days is a novelized autobiography in three volumes by the Egyptian professor Taha Hussein, published between 1926 and 1967. It deals with his childhood in a small village, then his studies in Egypt and France. It is one of the most popular works of modern Arabic literature.');

-- --------------------------------------------------------

--
-- Table structure for table `user_of_notflix`
--

CREATE TABLE `user_of_notflix` (
  `USER_NAME` varchar(100) NOT NULL,
  `PASSWORD_OF_USER` varchar(100) NOT NULL,
  `EMAIL` varchar(500) NOT NULL,
  `AGE` int(11) DEFAULT NULL,
  `GENDER` char(1) DEFAULT NULL,
  `image` varchar(1000) DEFAULT NULL
) ENGINE=InnoDB DEFAULT CHARSET=utf8mb4;

--
-- Dumping data for table `user_of_notflix`
--

INSERT INTO `user_of_notflix` (`USER_NAME`, `PASSWORD_OF_USER`, `EMAIL`, `AGE`, `GENDER`, `image`) VALUES
('raghadkhaled', '1234', 'RoRo@gmail.com', 20, 'F', NULL),
('Raghad_Khaled', '5555', 'Raghad@gmail', 21, 'F', NULL),
('raghad_khaled1', '1234', 'raghad200059@gmail.com', 20, 'F', NULL),
('RoRo123', '123', 'RoRo123', 20, 'F', NULL),
('Raghodaaa', '12345', 'raghaoda1234692000@gm', 20, 'F', NULL);

--
-- Indexes for dumped tables
--

--
-- Indexes for table `acted_movie`
--
ALTER TABLE `acted_movie`
  ADD PRIMARY KEY (`MOVIE_ID`,`ACTOR_ID`),
  ADD KEY `ACTOR_ID` (`ACTOR_ID`);

--
-- Indexes for table `acted_series`
--
ALTER TABLE `acted_series`
  ADD UNIQUE KEY `SERIES_ID` (`SERIES_ID`,`ACTOR_ID`),
  ADD KEY `ACTOR_ID` (`ACTOR_ID`);

--
-- Indexes for table `actor`
--
ALTER TABLE `actor`
  ADD PRIMARY KEY (`ID`),
  ADD UNIQUE KEY `ID` (`ID`);

--
-- Indexes for table `actor_prize_movie`
--
ALTER TABLE `actor_prize_movie`
  ADD UNIQUE KEY `ACTOR_ID` (`ACTOR_ID`,`MOVIE_ID`,`PRIZE_ID`),
  ADD KEY `MOVIE_ID` (`MOVIE_ID`),
  ADD KEY `PRIZE_ID` (`PRIZE_ID`);

--
-- Indexes for table `actor_prize_series`
--
ALTER TABLE `actor_prize_series`
  ADD UNIQUE KEY `ACTOR_ID` (`ACTOR_ID`,`SERIES_ID`,`PRIZE_ID`),
  ADD KEY `SERIES_ID` (`SERIES_ID`),
  ADD KEY `PRIZE_ID` (`PRIZE_ID`);

--
-- Indexes for table `add_to_fav_movie`
--
ALTER TABLE `add_to_fav_movie`
  ADD UNIQUE KEY `USER_NAME_OF_USER` (`USER_NAME_OF_USER`,`MOVIE_ID`),
  ADD KEY `MOVIE_ID` (`MOVIE_ID`);

--
-- Indexes for table `add_to_fav_series`
--
ALTER TABLE `add_to_fav_series`
  ADD UNIQUE KEY `USER_NAME_OF_USER` (`USER_NAME_OF_USER`,`SERIES_ID`),
  ADD KEY `SERIES_ID` (`SERIES_ID`);

--
-- Indexes for table `admin_website`
--
ALTER TABLE `admin_website`
  ADD UNIQUE KEY `ADMIN_NAME` (`ADMIN_NAME`),
  ADD UNIQUE KEY `EMAIL` (`EMAIL`);

--
-- Indexes for table `advertisement`
--
ALTER TABLE `advertisement`
  ADD PRIMARY KEY (`ID`),
  ADD UNIQUE KEY `PICTURE` (`PICTURE`),
  ADD KEY `ADMIN_ADDED` (`ADMIN_ADDED`);

--
-- Indexes for table `director`
--
ALTER TABLE `director`
  ADD PRIMARY KEY (`ID`),
  ADD UNIQUE KEY `ID` (`ID`);

--
-- Indexes for table `director_prize_movie`
--
ALTER TABLE `director_prize_movie`
  ADD UNIQUE KEY `DIRECTOR_ID` (`DIRECTOR_ID`,`MOVIE_ID`,`PRIZE_ID`),
  ADD KEY `MOVIE_ID` (`MOVIE_ID`),
  ADD KEY `PRIZE_ID` (`PRIZE_ID`);

--
-- Indexes for table `director_prize_series`
--
ALTER TABLE `director_prize_series`
  ADD UNIQUE KEY `DIRECTOR_ID` (`DIRECTOR_ID`,`SERIES_ID`,`PRIZE_ID`),
  ADD KEY `SERIES_ID` (`SERIES_ID`),
  ADD KEY `PRIZE_ID` (`PRIZE_ID`);

--
-- Indexes for table `fantasy_character`
--
ALTER TABLE `fantasy_character`
  ADD PRIMARY KEY (`ID`),
  ADD UNIQUE KEY `ID` (`ID`),
  ADD KEY `STORY_ID` (`STORY_ID`);

--
-- Indexes for table `funded_movie`
--
ALTER TABLE `funded_movie`
  ADD PRIMARY KEY (`MOVIE_ID`,`PRODUCTION_COMPANY_ID`),
  ADD KEY `PRODUCTION_COMPANY_ID` (`PRODUCTION_COMPANY_ID`);

--
-- Indexes for table `funded_series`
--
ALTER TABLE `funded_series`
  ADD UNIQUE KEY `SERIES_ID` (`SERIES_ID`,`PRODUCTION_COMPANY_ID`),
  ADD KEY `PRODUCTION_COMPANY_ID` (`PRODUCTION_COMPANY_ID`);

--
-- Indexes for table `genre`
--
ALTER TABLE `genre`
  ADD PRIMARY KEY (`ID`);

--
-- Indexes for table `genre_relation_movie`
--
ALTER TABLE `genre_relation_movie`
  ADD PRIMARY KEY (`MOVIE_ID`,`GENRE_ID`);

--
-- Indexes for table `movie`
--
ALTER TABLE `movie`
  ADD PRIMARY KEY (`ID`);

--
-- Indexes for table `prize`
--
ALTER TABLE `prize`
  ADD PRIMARY KEY (`ID`);

--
-- Indexes for table `production_company`
--
ALTER TABLE `production_company`
  ADD PRIMARY KEY (`ID`),
  ADD UNIQUE KEY `COMPANY_NAME` (`COMPANY_NAME`),
  ADD UNIQUE KEY `COMPANY_NAME_2` (`COMPANY_NAME`);

--
-- Indexes for table `season`
--
ALTER TABLE `season`
  ADD PRIMARY KEY (`SERIES_ID`,`SEASON_NUMBER`);

--
-- Indexes for table `series`
--
ALTER TABLE `series`
  ADD PRIMARY KEY (`ID`);

--
-- Indexes for table `story`
--
ALTER TABLE `story`
  ADD PRIMARY KEY (`STORY_ID`);

--
-- AUTO_INCREMENT for dumped tables
--

--
-- AUTO_INCREMENT for table `actor`
--
ALTER TABLE `actor`
  MODIFY `ID` int(11) NOT NULL AUTO_INCREMENT, AUTO_INCREMENT=7;

--
-- AUTO_INCREMENT for table `advertisement`
--
ALTER TABLE `advertisement`
  MODIFY `ID` int(11) NOT NULL AUTO_INCREMENT, AUTO_INCREMENT=3;

--
-- AUTO_INCREMENT for table `director`
--
ALTER TABLE `director`
  MODIFY `ID` int(11) NOT NULL AUTO_INCREMENT, AUTO_INCREMENT=3;

--
-- AUTO_INCREMENT for table `fantasy_character`
--
ALTER TABLE `fantasy_character`
  MODIFY `ID` int(11) NOT NULL AUTO_INCREMENT, AUTO_INCREMENT=2;

--
-- AUTO_INCREMENT for table `genre`
--
ALTER TABLE `genre`
  MODIFY `ID` int(11) NOT NULL AUTO_INCREMENT, AUTO_INCREMENT=10;

--
-- AUTO_INCREMENT for table `movie`
--
ALTER TABLE `movie`
  MODIFY `ID` int(11) NOT NULL AUTO_INCREMENT, AUTO_INCREMENT=43;

--
-- AUTO_INCREMENT for table `prize`
--
ALTER TABLE `prize`
  MODIFY `ID` int(11) NOT NULL AUTO_INCREMENT, AUTO_INCREMENT=10;

--
-- AUTO_INCREMENT for table `production_company`
--
ALTER TABLE `production_company`
  MODIFY `ID` int(11) NOT NULL AUTO_INCREMENT, AUTO_INCREMENT=3;

--
-- AUTO_INCREMENT for table `series`
--
ALTER TABLE `series`
  MODIFY `ID` int(11) NOT NULL AUTO_INCREMENT, AUTO_INCREMENT=3;

--
-- AUTO_INCREMENT for table `story`
--
ALTER TABLE `story`
  MODIFY `STORY_ID` int(11) NOT NULL AUTO_INCREMENT, AUTO_INCREMENT=2;

--
-- Constraints for dumped tables
--

--
-- Constraints for table `acted_movie`
--
ALTER TABLE `acted_movie`
  ADD CONSTRAINT `acted_movie_ibfk_1` FOREIGN KEY (`MOVIE_ID`) REFERENCES `movie` (`ID`),
  ADD CONSTRAINT `acted_movie_ibfk_2` FOREIGN KEY (`ACTOR_ID`) REFERENCES `actor` (`ID`);
COMMIT;

/*!40101 SET CHARACTER_SET_CLIENT=@OLD_CHARACTER_SET_CLIENT */;
/*!40101 SET CHARACTER_SET_RESULTS=@OLD_CHARACTER_SET_RESULTS */;
/*!40101 SET COLLATION_CONNECTION=@OLD_COLLATION_CONNECTION */;
